"","time","word_count","sd","ave_sentiment"
"1",NA,294,1.01310446530802,0.665393087293299
"2","1970s",80847,0.904483261883973,0.270068118759647
"3","1980s",80148,1.04054350984484,0.0648995336080827
"4","1990s",313221,0.915596858822809,0.0689262830834233
"5","2000s",6908289,0.932595293087129,-0.0481826829973595
"6","2010s",2134779,1.01139277555018,-0.0245319508416392
